<?xml version="1.0" encoding="utf-8"?>
<resultado tema="XML">

<factura> 
        <codigo>FAC-457</codigo>
        <forma-pago forma="efectivo">
            <datos-bancarios/>
        </forma-pago>
        <fecha-emision>
            <fecha>2024-03-13</fecha>
            <hora>11:35:00</hora>
        </fecha-emision>
        <datos-cliente>
            <dni>12345678A</dni>
            <nombre>Sergio Fer Diez</nombre>
            <direccion>
                <calle>Star Wars</calle>
                <numero>123</numero>
            </direccion>
            <codigo-postal>035006</codigo-postal>
            <poblacion>Alicante</poblacion>
            <telefono>912345678</telefono>
        </datos-cliente>
        <linea-pedidos>
            <linea1>
                <denominacion>The Walking Dead Comic</denominacion>
                <cantidad>2</cantidad>
                <precio-unitario>20.00</precio-unitario>
                <IVA>1.21</IVA>
                <precio-con-IVA>24.20</precio-con-IVA>
            </linea1>
        </linea-pedidos>
        <descuento>0.00</descuento>
    </factura>


    <factura> 
        <codigo>FAC-489</codigo>
        <forma-pago forma="cargo en cuenta">
            <datos-bancarios>****************1234</datos-bancarios>
        </forma-pago>
        <fecha-emision>
            <fecha>2024-03-14</fecha>
            <hora>09:15:00</hora>
        </fecha-emision>
        <datos-cliente>
            <dni>98765432X</dni>
            <nombre>Abel Martínez</nombre>
            <direccion>
                <calle>Calle Mayor</calle>
                <numero>456</numero>
            </direccion>
            <codigo-postal>03001</codigo-postal>
            <poblacion>Alicante</poblacion>
            <telefono>965432109</telefono>
        </datos-cliente>
        <linea-pedidos>
            <linea1>
                <denominacion>Figura de acción de Iron Man</denominacion>
                <cantidad>1</cantidad>
                <precio-unitario>35.00</precio-unitario>
                <IVA>21%</IVA>
                <precio-con-IVA>42.35</precio-con-IVA>
            </linea1>
            <linea2>
                <denominacion>Set de dados de Dungeons &amp; Dragons</denominacion>
                <cantidad>2</cantidad>
                <precio-unitario>12.50</precio-unitario>
                <IVA>21%</IVA>
                <precio-con-IVA>30.25</precio-con-IVA>
            </linea2>
            <linea3>
                <denominacion>Libro de programación en Python</denominacion>
                <cantidad>1</cantidad>
                <precio-unitario>40.00</precio-unitario>
                <IVA>21%</IVA>
                <precio-con-IVA>48.40</precio-con-IVA>
            </linea3>
        </linea-pedidos>
        <descuento>1.05</descuento>
    </factura>

    <factura> 
        <codigo>FAC-467</codigo>
        <forma-pago forma="cargo en cuenta">
            <datos-bancarios>****************6789</datos-bancarios>
        </forma-pago>
        <fecha-emision>
            <fecha>2024-03-16</fecha>
            <hora>14:30:00</hora>
        </fecha-emision>
        <datos-cliente>
            <dni>87654321Y</dni>
            <nombre>Juan Crack</nombre>
            <direccion>
                <calle>Calle Comercio</calle>
                <numero>50</numero>
            </direccion>
            <codigo-postal>03560</codigo-postal>
            <poblacion>Alicante</poblacion>
            <telefono>963210987</telefono>
        </datos-cliente>
        <linea-pedidos>
            <linea1>
                <denominacion>Naranjas</denominacion>
                <cantidad>2</cantidad>
                <precio-unitario>5.00</precio-unitario>
                <IVA>1.10</IVA>
                <precio-con-IVA>11.00</precio-con-IVA>
            </linea1>
            <linea2>
                <denominacion>Lechuga</denominacion>
                <cantidad>1</cantidad>
                <precio-unitario>1.50</precio-unitario>
                <IVA>1.10</IVA>
                <precio-con-IVA>3.30</precio-con-IVA>
            </linea2>
        </linea-pedidos>
        <descuento>0.00</descuento>
    </factura>



</resultado>

