<?xml version="1.0" encoding="utf-8"?>
<resultado tema="XML">
<receta>
    <nombre porciones="4">Sopa de cebolla</nombre>
    <listaIngredientes>
        <ingrediente>
            <nombre>Cebollas</nombre>
            <cantidad medida="kg">1</cantidad>
        </ingrediente>
        <ingrediente>
            <nombre>Caldo de carne</nombre>
            <cantidad medida="l">2</cantidad>
        </ingrediente>
        <ingrediente>
            <nombre>Mantequilla</nombre>
            <cantidad medida="gr">100</cantidad>
        </ingrediente>
        <ingrediente>
            <nombre>Harina</nombre>
            <cantidad medida="cucharada">1</cantidad>
        </ingrediente>
        <ingrediente>
            <nombre>Queso Emmental suizo o Gruyére rallado</nombre>
            <cantidad medida="gr">100</cantidad>
        </ingrediente>
        <ingrediente>
            <nombre>Pan tostado en rebanadas</nombre>
            <cantidad medida="rebanadas"/>
        </ingrediente>
        <ingrediente>
            <nombre>Tomillo</nombre>
            <cantidad/>
        </ingrediente>
        <ingrediente>
            <nombre>Laurel</nombre>
            <cantidad medida="unidad">1</cantidad>
        </ingrediente>
        <ingrediente>
            <nombre>Pimienta</nombre>
            <cantidad/>
        </ingrediente>
    </listaIngredientes>
    <proceso>
        <paso numero="1">Pelar y partir las cebollas en rodajas finas.</paso>
        <paso numero="2">. Rehogarlas con la mantequilla, sal y pimienta a 
        fuego lento hasta que estén transparentes sin dorarse.</paso>
        <paso numero="3">Añadir la harina sin dejar de remover.</paso>
        <paso numero="4">Ponerlo en una cazuela con el caldo, el tomillo y el laurel.</paso>
        <paso numero="5">Pelar y partir las cebollas en rodajas finas.</paso>
        <paso numero="6">Pelar y partir las cebollas en rodajas finas.</paso>
    </proceso>
</receta>

</resultado>