﻿<?xml version="1.0" encoding="UTF-8"?>
<!DOCTYPE comunidades SYSTEM  "community.dtd">
<?xml-stylesheet type="text/xsl" href="community.xsl"?>
<comunidades>
<comunidad nombre="Los_protas" cantidadHabitantes="2">
    <persona>
        <nombre>Sergio</nombre>
        <edad>37</edad>
        <img>Sergio.png</img>
        <habilidades>
            <cardio>1</cardio>
            <ingenio>3</ingenio>
            <pelea>5</pelea>
            <disparo>5</disparo>
        </habilidades>
        <inventario>
            <item tipo="armaMele">
                <nombre>Katana Otaku</nombre>
                <descripcion>Desprende un olor espantoso, no importa cuanto la limpies. No se quita.</descripcion>
                <cantidad>1</cantidad>
            </item>
            <item tipo="armaDistancia">
                <nombre>AR-15</nombre>
                <descripcion>El Fusil AR-15 es un arma de fuego semiautomática o automática, conocida por su 
                versatilidad, precisión y fiabilidad. Diseñado originalmente como un fusil de asalto ligero, 
                el AR-15 ha ganado popularidad en todo el mundo tanto en el ámbito militar como en el civil.</descripcion>
                <cantidad>1</cantidad>
            </item>
            <item tipo="mochila">
                <nombre>Mochila pequeña</nombre>
                <descripcion>
                    La Mochila Pequeña es una opción compacta pero funcional para aumentar el espacio de almacenamiento
                     del inventario. Esta mochila ofrece espacio para llevar hasta 5 objetos adicionales
                </descripcion>
                <cantidad>1</cantidad>
            </item>
            <item tipo="consumible">
                <nombre>Botiquín Médico</nombre>
                <descripcion>El Botiquín Médico es un elemento esencial para la supervivencia en un mundo infestado 
                de zombies.</descripcion>
                <cantidad>2</cantidad>
            </item>
            <item tipo="consumible">
                <nombre>Latas de comida en conserva</nombre>
                <descripcion>Las latas de comida en conserva son una fuente de alimento duradero 
                </descripcion>
                <cantidad>5</cantidad>
            </item>
        </inventario>
    </persona>
    
    <persona>
        <nombre>Abel</nombre>
        <edad>20</edad>
        <img>abel.png</img>
        <habilidades>
            <cardio>5</cardio>
            <ingenio>5</ingenio>
            <pelea>5</pelea>
            <disparo>5</disparo>
        </habilidades>
        <inventario>
            <item tipo="armaMele">
                <nombre>Bate</nombre>
                <descripcion>Un bate común y corriente. Pero la mejor manera de romper cabezas.</descripcion>
                <cantidad>1</cantidad>
            </item>
            <item tipo="armaDistancia">
                <nombre>AR-15</nombre>
                <descripcion>El Fusil AR-15 es un arma de fuego semiautomática o automática, conocida por su 
                versatilidad, precisión y fiabilidad. Diseñado originalmente como un fusil de asalto ligero, 
                el AR-15 ha ganado popularidad en todo el mundo tanto en el ámbito militar como en el civil. 
                </descripcion>
                <cantidad>1</cantidad>
            </item>
            <item tipo="mochila">
                <nombre>Mochila Grande</nombre>
                <descripcion>
                    Esta Mochila Grande de Supervivencia es un equipo imprescindible para cualquier personaje que busque sobrevivir en un mundo postapocalíptico lleno de peligros.  Puede llevar hasta 10 elementos adicionales.
                </descripcion>
                <cantidad>1</cantidad>
            </item>
            <item tipo="consumible">
                <nombre>Latas de comida en conserva</nombre>
                <descripcion>Las latas de comida en conserva son una fuente de alimento duradero 
                </descripcion>
                <cantidad>2</cantidad>
            </item>
        </inventario>
    </persona>
</comunidad>

<comunidad nombre="Los_Supervivientes" cantidadHabitantes="3">
    <persona>
        <nombre>Luisa</nombre>
        <edad>28</edad>
         <img>abel.png</img>
        <habilidades>
            <cardio>1</cardio>
            <ingenio>3</ingenio>
            <pelea>5</pelea>
            <disparo>5</disparo>
        </habilidades>
        <inventario>
            <item tipo="armaMele">
                <nombre>Cuchillo Multiusos</nombre>
                <descripcion>Un cuchillo versátil con varias funciones, útil para cortar, tallar y otras tareas de supervivencia.</descripcion>
                <cantidad>1</cantidad>
            </item>
            <item tipo="consumible">
                <nombre>Botiquín de Viaje</nombre>
                <descripcion>Un kit compacto de primeros auxilios para tratar heridas leves durante desplazamientos.</descripcion>
                <cantidad>1</cantidad>
            </item>
            <item tipo="consumible">
                <nombre>Barritas Energéticas</nombre>
                <descripcion>Barritas nutritivas y energéticas ideales para mantenerse activo durante situaciones de emergencia.</descripcion>
                <cantidad>5</cantidad>
            </item>
            <item tipo="mochila">
                <nombre>Mochila pequeña</nombre>
                <descripcion>
                    La Mochila Pequeña es una opción compacta pero funcional para aumentar el espacio de almacenamiento
                     del inventario. Esta mochila ofrece espacio para llevar hasta 5 objetos adicionales
                </descripcion>
                <cantidad>1</cantidad>
            </item>
        </inventario>
    </persona>
    <persona>
        <nombre>Alex</nombre>
        <edad>34</edad>
        <img>Alex.jpeg</img>
        <habilidades>
            <cardio>1</cardio>
            <ingenio>3</ingenio>
            <pelea>5</pelea>
            <disparo>5</disparo>
        </habilidades>
        <inventario>
            <item tipo="armaDistancia">
                <nombre>Rifle de Francotirador</nombre>
                <descripcion>Un rifle de largo alcance altamente preciso, ideal para eliminar objetivos a distancia con sigilo.</descripcion>
                <cantidad>1</cantidad>
            </item>
            <item tipo="consumible">
                <nombre>Agua Purificada</nombre>
                <descripcion>Botellas de agua purificada para mantenerse hidratado durante la supervivencia.</descripcion>
                <cantidad>3</cantidad>
            </item>
            <item tipo="consumible">
                <nombre>Comida enlatada</nombre>
                <descripcion>Latasy conservas de alimentos no perecederos, ideal para una alimentación duradera durante situaciones de emergencia.</descripcion>
                <cantidad>5</cantidad>
            </item>
            <item tipo="mochila">
                <nombre>Mochila pequeña</nombre>
                <descripcion>
                    La Mochila Pequeña es una opción compacta pero funcional para aumentar el espacio de almacenamiento
                     del inventario. Esta mochila ofrece espacio para llevar hasta 5 objetos adicionales
                </descripcion>
                <cantidad>1</cantidad>
            </item>
        </inventario>
    </persona>
    <persona>
        <nombre>Ana</nombre>
        <edad>25</edad>
        <img>abel.png</img>
        <habilidades>
            <cardio>1</cardio>
            <ingenio>3</ingenio>
            <pelea>5</pelea>
            <disparo>5</disparo>
        </habilidades>
        <inventario>
            <item tipo="armaDistancia">
                <nombre>Pistola Compacta</nombre>
                <descripcion>Una pistola ligera y fácil de ocultar, ideal para situaciones de autodefensa en espacios reducidos.</descripcion>
                <cantidad>1</cantidad>
            </item>
            <item tipo="mochila">
                <nombre>Mochila pequeña</nombre>
                <descripcion>
                    La Mochila Pequeña es una opción compacta pero funcional para aumentar el espacio de almacenamiento
                     del inventario. Esta mochila ofrece espacio para llevar hasta 5 objetos adicionales
                </descripcion>
                <cantidad>1</cantidad>
            </item>
            <item tipo="equipamiento">
                <nombre>Chaleco Táctico</nombre>
                <descripcion>Un chaleco resistente con múltiples bolsillos para llevar suministros y protegerse de ataques menores.</descripcion>
                <cantidad>1</cantidad>
            </item>
            <item tipo="consumible">
                <nombre>Botiquín de Emergencia</nombre>
                <descripcion>Un botiquín completo con suministros médicos para tratar heridas y lesiones durante emergencias.</descripcion>
                <cantidad>2</cantidad>
            </item>
            <item tipo="consumible">
                <nombre>Conservas de Frutas</nombre>
                <descripcion>Frutas enlatadas en conserva para una fuente de vitaminas y energía durante la supervivencia.</descripcion>
                <cantidad>7</cantidad>
            </item>
        </inventario>
    </persona>
</comunidad>
<comunidad nombre="Los_de_Benidorm" cantidadHabitantes="4">
        <persona>
            <nombre>John</nombre>
            <edad>23</edad>
            <img>Juan.png</img>
            <habilidades>
                <cardio>5</cardio>
                <ingenio>5</ingenio>
                <pelea>5</pelea>
                <disparo>5</disparo>
            </habilidades>
            <inventario>
                <item tipo="armaMele">
                    <nombre>Machete</nombre>
                    <descripcion>Un machete afilado, ideal para cortar maleza y carne.</descripcion>
                    <cantidad>1</cantidad>
                </item>
                <item tipo="consumible">
                    <nombre>Agua embotellada</nombre>
                    <descripcion>Botellas de agua purificada para mantenerse hidratado durante la supervivencia.</descripcion>
                    <cantidad>3</cantidad>
                </item>
                <item tipo="consumible">
                    <nombre>Conservas de carne</nombre>
                    <descripcion>Latasy conservas de carne no perecedera, ideal para una alimentación proteica durante situaciones de emergencia.</descripcion>
                    <cantidad>5</cantidad>
                </item>
                <item tipo="mochila">
                    <nombre>Mochila resistente</nombre>
                    <descripcion>
                        Una mochila resistente y espaciosa para transportar suministros y objetos esenciales durante la supervivencia.
                        Agrega 5 espacios extra, pero es mas duradera.
                    </descripcion>
                    <cantidad>1</cantidad>
                </item>
            </inventario>
        </persona>
        <persona>
            <nombre>Emily</nombre>
            <edad>25</edad>
            <img>Megan.png</img>
            <habilidades>
                <cardio>3</cardio>
                <ingenio>4</ingenio>
                <pelea>2</pelea>
                <disparo>3</disparo>
            </habilidades>
            <inventario>
                <item tipo="armaDistancia">
                    <nombre>Arco y flechas</nombre>
                    <descripcion>Un arco resistente y un carcaj de flechas para cazar y defenderse a distancia.</descripcion>
                    <cantidad>1</cantidad>
                </item>
                <item tipo="consumible">
                    <nombre>Barritas energéticas</nombre>
                    <descripcion>Barritas nutritivas y energéticas ideales para mantenerse activo durante situaciones de emergencia.</descripcion>
                    <cantidad>5</cantidad>
                </item>
                <item tipo="mochila">
                    <nombre>Mochila de exploración</nombre>
                    <descripcion>
                        Una mochila diseñada para excursiones y exploraciones largas, con compartimentos especiales para equipos de navegación y comunicación.
                        Agrega 11 espacios extra.
                    </descripcion>
                    <cantidad>1</cantidad>
                </item>
            </inventario>
        </persona>
        <persona>
            <nombre>Paula</nombre>
            <edad>21</edad>
            <img>Pau.png</img>
            <habilidades>
                <cardio>5</cardio>
                <ingenio>5</ingenio>
                <pelea>5</pelea>
                <disparo>5</disparo>
            </habilidades>
            <inventario>
                <item tipo="consumible">
                    <nombre>Botiquín avanzado</nombre>
                    <descripcion>Un completo kit de primeros auxilios con suministros médicos avanzados para tratar heridas graves y realizar procedimientos de emergencia.</descripcion>
                    <cantidad>1</cantidad>
                </item>
                <item tipo="consumible">
                    <nombre>Suplementos vitamínicos</nombre>
                    <descripcion>Tabletas de suplementos vitamínicos para mantenerse saludable y resistente durante la supervivencia.</descripcion>
                    <cantidad>2</cantidad>
                </item>
                <item tipo="mochila">
                    <nombre>Mochila táctica</nombre>
                    <descripcion>
                        Una mochila táctica de alto rendimiento con múltiples compartimentos y correas ajustables para una máxima versatilidad durante la supervivencia.
                        Agrega 8 espacios extra.
                    </descripcion>
                    <cantidad>1</cantidad>
                </item>
            </inventario>
        </persona>
        <persona>
            <nombre>Sophia</nombre>
            <edad>19</edad>
            <img>Sophie.png</img>
            <habilidades>
                <cardio>3</cardio>
                <ingenio>3</ingenio>
                <pelea>4</pelea>
                <disparo>3</disparo>
            </habilidades>
            <inventario>
                <item tipo="consumible">
                    <nombre>Kit de herramientas</nombre>
                    <descripcion>Un conjunto de herramientas manuales esenciales para reparaciones y mantenimiento durante la supervivencia.</descripcion>
                    <cantidad>1</cantidad>
                </item>
                <item tipo="consumible">
                    <nombre>Botellas de alcohol</nombre>
                    <descripcion>Botellas de alcohol desinfectante para limpiar heridas y equipos médicos durante emergencias.</descripcion>
                    <cantidad>3</cantidad>
                </item>
                <item tipo="mochila">
                    <nombre>Mochila de supervivencia</nombre>
                    <descripcion>
                        Una mochila de supervivencia de alta resistencia con compartimentos impermeables y correas acolchadas para transportar suministros y equipo esencial durante situaciones de emergencia.
                        Agrega 7 espacios extra.
                    </descripcion>
                    <cantidad>1</cantidad>
                </item>
            </inventario>
        </persona>
    </comunidad>
</comunidades>